experiment_id,method,kind,metric,value,unit,observation_count
continuous-translation-replay,all,measured,input_duration,330,seconds,
continuous-translation-replay,all,measured,source_lines,64,lines,
continuous-translation-replay,all,measured,eligible_translation_lines,60,lines,
continuous-translation-replay,all,measured,uncertain_excluded_lines,4,lines,
continuous-translation-replay,all,measured,translation_blocks,12,blocks,
continuous-translation-replay,all,measured,missing_eligible_lines,0,lines,
continuous-translation-replay,all,measured,duplicate_target_lines,0,lines,
continuous-translation-replay,translation,measured,requests,6,requests,
continuous-translation-replay,analysis,measured,requests,4,requests,
continuous-translation-replay,translation,measured,request_duration_median,10.162,seconds,6
continuous-translation-replay,translation,measured,request_duration_maximum,14.453,seconds,6
continuous-translation-replay,all,confirmed_cost,api_cost,0.1346125,USD,
continuous-translation-replay,all,reservation,unresolved_cost,0,USD,
continuous-translation-replay,all,unexecuted_estimate,five_hour_api_cost,7.16145,USD,
continuous-translation-replay,all,unexecuted_estimate,six_hour_api_cost,8.59374,USD,
asr-method-comparison,all,measured,input_duration,330,seconds,
asr-method-comparison,local,measured,section_end_to_final_median,0.827,seconds,22
asr-method-comparison,local,measured,section_end_to_final_p95,0.901,seconds,22
asr-method-comparison,local,measured,initial_section_end_to_final,11.168,seconds,1
asr-method-comparison,file,measured,section_end_to_final_median,1.080,seconds,22
asr-method-comparison,file,measured,section_end_to_final_p95,1.865,seconds,22
asr-method-comparison,file,measured,initial_section_end_to_final,1.69,seconds,1
asr-method-comparison,streaming,measured,section_end_to_final_median,0.657,seconds,22
asr-method-comparison,streaming,measured,section_end_to_final_p95,0.744,seconds,22
asr-method-comparison,streaming,measured,initial_section_end_to_final,0.72,seconds,1
asr-method-comparison,streaming,measured,section_start_to_first_partial_median,1.058,seconds,22
asr-method-comparison,streaming,measured,connection_preparation_outside_playback_clock,0.64,seconds,1
asr-method-comparison,local,confirmed_cost,api_cost,0,USD,
asr-method-comparison,file,confirmed_cost,api_cost,0.02475,USD,
asr-method-comparison,streaming,confirmed_cost,api_cost,0.09350,USD,
asr-method-comparison,all,confirmed_cost,api_cost,0.11825,USD,
asr-method-comparison,failed_streaming_attempt,reservation,unresolved_cost,0.187,USD,
asr-method-comparison,all,confirmed_plus_reserved,combined_cost,0.30525,USD,
asr-method-comparison,file,unexecuted_estimate,six_hour_asr_only_cost,1.62,USD,
asr-method-comparison,streaming,unexecuted_estimate,six_hour_asr_only_cost,6.12,USD,
accelerated-capture-storage,synthetic,measured,equivalent_audio_duration,21600.123,seconds,
accelerated-capture-storage,synthetic,measured,pcm_frames,345601968,frames,
accelerated-capture-storage,synthetic,measured,raw_pcm_bytes,691203936,bytes,
accelerated-capture-storage,synthetic,measured,wav_files,1441,files,
accelerated-capture-storage,synthetic,measured,final_partial_chunk_frames,1968,frames,
accelerated-capture-storage,synthetic,measured,elapsed_storage_duration,47.130,seconds,
accelerated-capture-storage,synthetic,measured,parent_peak_rss_at_start,20.2,MB,
accelerated-capture-storage,synthetic,measured,parent_peak_rss_at_end,40.4,MB,
accelerated-capture-storage,synthetic,confirmed_cost,api_cost,0,USD,
recognition-during-cloud-generation,all,measured,input_duration,330,seconds,
recognition-during-cloud-generation,all,measured,sections,22,sections,
recognition-during-cloud-generation,all,measured,source_lines,64,lines,
recognition-during-cloud-generation,local,measured,section_end_to_source_publication_median,0.833,seconds,22
recognition-during-cloud-generation,local,measured,section_end_to_source_publication_p95,0.918,seconds,22
recognition-during-cloud-generation,local,measured,section_end_to_source_publication_maximum,3.782,seconds,22
recognition-during-cloud-generation,all,measured,cloud_requests_over_30_seconds,2,requests,
recognition-during-cloud-generation,all,measured,publications_per_cloud_request_over_30_seconds,2,publications,2
recognition-during-cloud-generation,all,measured,publications_during_cloud_requests_over_30_seconds_total,4,publications,2
